DataFile,method,metric,acceleration
../../DistanceBenchmarking/Real/Camp/GSE75140_hOrg.fetal.master.data.frame.txt,amap,kendall,0.069344992
../../DistanceBenchmarking/Real/Camp/GSE75140_hOrg.fetal.master.data.frame.txt,CPU,kendall,0.054804599
../../DistanceBenchmarking/Real/Camp/GSE75140_hOrg.fetal.master.data.frame.txt,CPU,kendall,0.054804599
../../DistanceBenchmarking/Real/Camp/GSE75140_hOrg.fetal.master.data.frame.txt,GPU,kendall,1
DistanceBenchmarking/Real/Camp/GSE75140_hOrg.fetal.master.data.frame.txt,pandas,kendall,3.04E+00
DistanceBenchmarking/Real/Camp/GSE75140_hOrg.fetal.master.data.frame.txt,pythonic,kendall,6.55E+00
../../DistanceBenchmarking/Real/Chen/GSE87544_Merged_17samples_14437cells_count.txt,amap,kendall,2.200731952
../../DistanceBenchmarking/Real/Chen/GSE87544_Merged_17samples_14437cells_count.txt,GPU,kendall,1
DistanceBenchmarking/Real/Chen/GSE87544_Merged_17samples_14437cells_count.txt,pandas,kendall,100.7430013
DistanceBenchmarking/Real/Chen/GSE87544_Merged_17samples_14437cells_count.txt,pythonic,kendall,196.7771519
../../DistanceBenchmarking/Real/HSC/matrix.mtx,amap,kendall,4.307951866
../../DistanceBenchmarking/Real/HSC/matrix.mtx,amap,kendall,306.9820184
../../DistanceBenchmarking/Real/HSC/matrix.mtx,factoextra,kendall,658.6866949
../../DistanceBenchmarking/Real/HSC/matrix.mtx,CPU,kendall,26.74025145
../../DistanceBenchmarking/Real/HSC/matrix.mtx,CPU,kendall,3580.684379
../../DistanceBenchmarking/Real/HSC/matrix.mtx,CPU,kendall,26.74025145
../../DistanceBenchmarking/Real/HSC/matrix.mtx,CPU,kendall,3580.684379
../../DistanceBenchmarking/Real/HSC/matrix.mtx,GPU,kendall,1
../../DistanceBenchmarking/Real/HSC/matrix.mtx,GPU,kendall,8.106124473
../../DistanceBenchmarking/Real/HSC/matrix.mtx,GPU,kendall,944.3481787
../../DistanceBenchmarking/Real/HSC/matrix.mtx,amap,kendall,0.53144408
../../DistanceBenchmarking/Real/HSC/matrix.mtx,amap,kendall,37.87038053
../../DistanceBenchmarking/Real/HSC/matrix.mtx,factoextra,kendall,81.25790532
../../DistanceBenchmarking/Real/HSC/matrix.mtx,CPU,kendall,3.298771384
../../DistanceBenchmarking/Real/HSC/matrix.mtx,CPU,kendall,441.7258076
../../DistanceBenchmarking/Real/HSC/matrix.mtx,CPU,kendall,3.298771384
../../DistanceBenchmarking/Real/HSC/matrix.mtx,CPU,kendall,441.7258076
../../DistanceBenchmarking/Real/HSC/matrix.mtx,GPU,kendall,0.123363514
../../DistanceBenchmarking/Real/HSC/matrix.mtx,GPU,kendall,1
../../DistanceBenchmarking/Real/HSC/matrix.mtx,GPU,kendall,116.4981098
../../DistanceBenchmarking/Real/FibroCardRNASeq/snRNA_Heart_counts_matrix.mtx,amap,kendall,40.46753261
../../DistanceBenchmarking/Real/FibroCardRNASeq/snRNA_Heart_counts_matrix.mtx,CPU,kendall,335.1340373
../../DistanceBenchmarking/Real/FibroCardRNASeq/snRNA_Heart_counts_matrix.mtx,CPU,kendall,335.1340373
../../DistanceBenchmarking/Real/FibroCardRNASeq/snRNA_Heart_counts_matrix.mtx,GPU,kendall,1
../../DistanceBenchmarking/Real/FibroCardRNASeq/snRNA_Heart_counts_matrix.mtx,GPU,kendall,122.9565339
../../DistanceBenchmarking/Real/HSC/matrix.mtx,amap,kendall,0.004561826
../../DistanceBenchmarking/Real/HSC/matrix.mtx,amap,kendall,0.325072918
../../DistanceBenchmarking/Real/HSC/matrix.mtx,factoextra,kendall,0.697504067
../../DistanceBenchmarking/Real/HSC/matrix.mtx,CPU,kendall,0.028316094
../../DistanceBenchmarking/Real/HSC/matrix.mtx,CPU,kendall,3.791699354
../../DistanceBenchmarking/Real/HSC/matrix.mtx,CPU,kendall,0.028316094
../../DistanceBenchmarking/Real/HSC/matrix.mtx,CPU,kendall,3.791699354
../../DistanceBenchmarking/Real/HSC/matrix.mtx,GPU,kendall,0.001058931
../../DistanceBenchmarking/Real/HSC/matrix.mtx,GPU,kendall,0.00858383
../../DistanceBenchmarking/Real/HSC/matrix.mtx,GPU,kendall,1
../../DistanceBenchmarking/Real/FibroCardRNASeq/snRNA_Heart_counts_matrix.mtx,amap,kendall,0.329120636
../../DistanceBenchmarking/Real/FibroCardRNASeq/snRNA_Heart_counts_matrix.mtx,CPU,kendall,2.725630162
../../DistanceBenchmarking/Real/FibroCardRNASeq/snRNA_Heart_counts_matrix.mtx,CPU,kendall,2.725630162
../../DistanceBenchmarking/Real/FibroCardRNASeq/snRNA_Heart_counts_matrix.mtx,GPU,kendall,0.008132955
../../DistanceBenchmarking/Real/FibroCardRNASeq/snRNA_Heart_counts_matrix.mtx,GPU,kendall,1
../../DistanceBenchmarking/Real/Organogenes/gene_count.txt,GPU,kendall,1
../../DistanceBenchmarking/Real/Organogenes/gene_count.txt,GPU,kendall,10.34100865
../../DistanceBenchmarking/Real/Organogenes/gene_count.txt,GPU,kendall,0.096702366
../../DistanceBenchmarking/Real/Organogenes/gene_count.txt,GPU,kendall,1
../../DistanceBenchmarking/Real/Organogenes/gene_count.txt,amap,euclidean,496.6092776
../../DistanceBenchmarking/Real/Organogenes/gene_count.txt,GPU,euclidean,1
../../DistanceBenchmarking/Real/Organogenes/gene_count.txt,GPU,pearson,1
../../DistanceBenchmarking/Real/HSC/matrix.mtx,amap,euclidean,0.103045761
../../DistanceBenchmarking/Real/HSC/matrix.mtx,amap,euclidean,3.891818793
../../DistanceBenchmarking/Real/HSC/matrix.mtx,amap,euclidean,718.3213931
../../DistanceBenchmarking/Real/HSC/matrix.mtx,factoextra,euclidean,3.957858685
../../DistanceBenchmarking/Real/HSC/matrix.mtx,factoextra,euclidean,37.54374115
../../DistanceBenchmarking/Real/HSC/matrix.mtx,factoextra,euclidean,529.6207521
../../DistanceBenchmarking/Real/HSC/matrix.mtx,CPU,euclidean,0.065668262
../../DistanceBenchmarking/Real/HSC/matrix.mtx,CPU,euclidean,5.631104344
../../DistanceBenchmarking/Real/HSC/matrix.mtx,CPU,euclidean,933.8666166
../../DistanceBenchmarking/Real/HSC/matrix.mtx,CPU,euclidean,0.065668262
../../DistanceBenchmarking/Real/HSC/matrix.mtx,CPU,euclidean,5.631104344
../../DistanceBenchmarking/Real/HSC/matrix.mtx,CPU,euclidean,933.8666166
../../DistanceBenchmarking/Real/HSC/matrix.mtx,GPU,euclidean,1
../../DistanceBenchmarking/Real/HSC/matrix.mtx,GPU,euclidean,1.566858603
../../DistanceBenchmarking/Real/HSC/matrix.mtx,GPU,euclidean,65.08799696
../../DistanceBenchmarking/Real/HSC/matrix.mtx,amap,pearson,0.149457447
../../DistanceBenchmarking/Real/HSC/matrix.mtx,amap,pearson,6.151155025
../../DistanceBenchmarking/Real/HSC/matrix.mtx,amap,pearson,712.550881
../../DistanceBenchmarking/Real/HSC/matrix.mtx,factoextra,pearson,1.231242201
../../DistanceBenchmarking/Real/HSC/matrix.mtx,factoextra,pearson,9.777603278
../../DistanceBenchmarking/Real/HSC/matrix.mtx,factoextra,pearson,98.08170993
../../DistanceBenchmarking/Real/HSC/matrix.mtx,CPU,pearson,0.148022363
../../DistanceBenchmarking/Real/HSC/matrix.mtx,CPU,pearson,16.48643529
../../DistanceBenchmarking/Real/HSC/matrix.mtx,CPU,pearson,2733.142776
../../DistanceBenchmarking/Real/HSC/matrix.mtx,CPU,pearson,0.148022363
../../DistanceBenchmarking/Real/HSC/matrix.mtx,CPU,pearson,16.48643529
../../DistanceBenchmarking/Real/HSC/matrix.mtx,CPU,pearson,2733.142776
../../DistanceBenchmarking/Real/HSC/matrix.mtx,GPU,pearson,1
../../DistanceBenchmarking/Real/HSC/matrix.mtx,GPU,pearson,2.591679641
../../DistanceBenchmarking/Real/HSC/matrix.mtx,GPU,pearson,158.1630702
../../DistanceBenchmarking/Real/HSC/matrix.mtx,amap,euclidean,0.065765833
../../DistanceBenchmarking/Real/HSC/matrix.mtx,amap,euclidean,2.483835354
../../DistanceBenchmarking/Real/HSC/matrix.mtx,amap,euclidean,458.4468513
../../DistanceBenchmarking/Real/HSC/matrix.mtx,factoextra,euclidean,2.525983313
../../DistanceBenchmarking/Real/HSC/matrix.mtx,factoextra,euclidean,23.96115455
../../DistanceBenchmarking/Real/HSC/matrix.mtx,factoextra,euclidean,338.0143882
../../DistanceBenchmarking/Real/HSC/matrix.mtx,CPU,euclidean,0.041910777
../../DistanceBenchmarking/Real/HSC/matrix.mtx,CPU,euclidean,3.593881625
../../DistanceBenchmarking/Real/HSC/matrix.mtx,CPU,euclidean,596.0120554
../../DistanceBenchmarking/Real/HSC/matrix.mtx,CPU,euclidean,0.041910777
../../DistanceBenchmarking/Real/HSC/matrix.mtx,CPU,euclidean,3.593881625
../../DistanceBenchmarking/Real/HSC/matrix.mtx,CPU,euclidean,596.0120554
../../DistanceBenchmarking/Real/HSC/matrix.mtx,GPU,euclidean,0.638219682
../../DistanceBenchmarking/Real/HSC/matrix.mtx,GPU,euclidean,1
../../DistanceBenchmarking/Real/HSC/matrix.mtx,GPU,euclidean,41.54044075
../../DistanceBenchmarking/Real/HSC/matrix.mtx,amap,pearson,0.05766818
../../DistanceBenchmarking/Real/HSC/matrix.mtx,amap,pearson,2.373424141
../../DistanceBenchmarking/Real/HSC/matrix.mtx,amap,pearson,274.9378703
../../DistanceBenchmarking/Real/HSC/matrix.mtx,factoextra,pearson,0.475074998
../../DistanceBenchmarking/Real/HSC/matrix.mtx,factoextra,pearson,3.772689774
../../DistanceBenchmarking/Real/HSC/matrix.mtx,factoextra,pearson,37.84484331
../../DistanceBenchmarking/Real/HSC/matrix.mtx,CPU,pearson,0.057114452
../../DistanceBenchmarking/Real/HSC/matrix.mtx,CPU,pearson,6.361293668
../../DistanceBenchmarking/Real/HSC/matrix.mtx,CPU,pearson,1054.583573
../../DistanceBenchmarking/Real/HSC/matrix.mtx,CPU,pearson,0.057114452
../../DistanceBenchmarking/Real/HSC/matrix.mtx,CPU,pearson,6.361293668
../../DistanceBenchmarking/Real/HSC/matrix.mtx,CPU,pearson,1054.583573
../../DistanceBenchmarking/Real/HSC/matrix.mtx,GPU,pearson,0.385850158
../../DistanceBenchmarking/Real/HSC/matrix.mtx,GPU,pearson,1
../../DistanceBenchmarking/Real/HSC/matrix.mtx,GPU,pearson,61.02724567
../../DistanceBenchmarking/Real/FibroCardRNASeq/snRNA_Heart_counts_matrix.mtx,amap,euclidean,0.850943381
../../DistanceBenchmarking/Real/FibroCardRNASeq/snRNA_Heart_counts_matrix.mtx,amap,euclidean,143.1268573
../../DistanceBenchmarking/Real/FibroCardRNASeq/snRNA_Heart_counts_matrix.mtx,factoextra,euclidean,766.4898021
../../DistanceBenchmarking/Real/FibroCardRNASeq/snRNA_Heart_counts_matrix.mtx,factoextra,euclidean,10847.11617
../../DistanceBenchmarking/Real/FibroCardRNASeq/snRNA_Heart_counts_matrix.mtx,CPU,euclidean,0.820875724
../../DistanceBenchmarking/Real/FibroCardRNASeq/snRNA_Heart_counts_matrix.mtx,CPU,euclidean,82.84923624
../../DistanceBenchmarking/Real/FibroCardRNASeq/snRNA_Heart_counts_matrix.mtx,CPU,euclidean,0.820875724
../../DistanceBenchmarking/Real/FibroCardRNASeq/snRNA_Heart_counts_matrix.mtx,CPU,euclidean,82.84923624
../../DistanceBenchmarking/Real/FibroCardRNASeq/snRNA_Heart_counts_matrix.mtx,GPU,euclidean,1
../../DistanceBenchmarking/Real/FibroCardRNASeq/snRNA_Heart_counts_matrix.mtx,GPU,euclidean,4.571904438
../../DistanceBenchmarking/Real/FibroCardRNASeq/snRNA_Heart_counts_matrix.mtx,GPU,euclidean,112.4868381
../../DistanceBenchmarking/Real/FibroCardRNASeq/snRNA_Heart_counts_matrix.mtx,amap,pearson,0.828001766
../../DistanceBenchmarking/Real/FibroCardRNASeq/snRNA_Heart_counts_matrix.mtx,amap,pearson,127.0865715
../../DistanceBenchmarking/Real/FibroCardRNASeq/snRNA_Heart_counts_matrix.mtx,factoextra,pearson,241.7056688
../../DistanceBenchmarking/Real/FibroCardRNASeq/snRNA_Heart_counts_matrix.mtx,factoextra,pearson,2013.054347
../../DistanceBenchmarking/Real/FibroCardRNASeq/snRNA_Heart_counts_matrix.mtx,factoextra,pearson,18478.49478
../../DistanceBenchmarking/Real/FibroCardRNASeq/snRNA_Heart_counts_matrix.mtx,CPU,pearson,1.806057539
../../DistanceBenchmarking/Real/FibroCardRNASeq/snRNA_Heart_counts_matrix.mtx,CPU,pearson,208.1551086
../../DistanceBenchmarking/Real/FibroCardRNASeq/snRNA_Heart_counts_matrix.mtx,CPU,pearson,1.806057539
../../DistanceBenchmarking/Real/FibroCardRNASeq/snRNA_Heart_counts_matrix.mtx,CPU,pearson,208.1551086
../../DistanceBenchmarking/Real/FibroCardRNASeq/snRNA_Heart_counts_matrix.mtx,GPU,pearson,1
../../DistanceBenchmarking/Real/FibroCardRNASeq/snRNA_Heart_counts_matrix.mtx,GPU,pearson,8.949592631
../../DistanceBenchmarking/Real/FibroCardRNASeq/snRNA_Heart_counts_matrix.mtx,GPU,pearson,529.4179523
../../DistanceBenchmarking/Real/FibroCardRNASeq/snRNA_Heart_counts_matrix.mtx,amap,euclidean,0.18612449
../../DistanceBenchmarking/Real/FibroCardRNASeq/snRNA_Heart_counts_matrix.mtx,amap,euclidean,31.30574124
../../DistanceBenchmarking/Real/FibroCardRNASeq/snRNA_Heart_counts_matrix.mtx,factoextra,euclidean,167.6521923
../../DistanceBenchmarking/Real/FibroCardRNASeq/snRNA_Heart_counts_matrix.mtx,factoextra,euclidean,2372.559687
../../DistanceBenchmarking/Real/FibroCardRNASeq/snRNA_Heart_counts_matrix.mtx,CPU,euclidean,0.179547874
../../DistanceBenchmarking/Real/FibroCardRNASeq/snRNA_Heart_counts_matrix.mtx,CPU,euclidean,18.12138407
../../DistanceBenchmarking/Real/FibroCardRNASeq/snRNA_Heart_counts_matrix.mtx,CPU,euclidean,0.179547874
../../DistanceBenchmarking/Real/FibroCardRNASeq/snRNA_Heart_counts_matrix.mtx,CPU,euclidean,18.12138407
../../DistanceBenchmarking/Real/FibroCardRNASeq/snRNA_Heart_counts_matrix.mtx,GPU,euclidean,0.218727231
../../DistanceBenchmarking/Real/FibroCardRNASeq/snRNA_Heart_counts_matrix.mtx,GPU,euclidean,1
../../DistanceBenchmarking/Real/FibroCardRNASeq/snRNA_Heart_counts_matrix.mtx,GPU,euclidean,24.60393466
../../DistanceBenchmarking/Real/FibroCardRNASeq/snRNA_Heart_counts_matrix.mtx,amap,pearson,0.092518375
../../DistanceBenchmarking/Real/FibroCardRNASeq/snRNA_Heart_counts_matrix.mtx,amap,pearson,14.20026327
../../DistanceBenchmarking/Real/FibroCardRNASeq/snRNA_Heart_counts_matrix.mtx,factoextra,pearson,27.00744925
../../DistanceBenchmarking/Real/FibroCardRNASeq/snRNA_Heart_counts_matrix.mtx,factoextra,pearson,224.9325115
../../DistanceBenchmarking/Real/FibroCardRNASeq/snRNA_Heart_counts_matrix.mtx,factoextra,pearson,2064.730267
../../DistanceBenchmarking/Real/FibroCardRNASeq/snRNA_Heart_counts_matrix.mtx,CPU,pearson,0.201803324
../../DistanceBenchmarking/Real/FibroCardRNASeq/snRNA_Heart_counts_matrix.mtx,CPU,pearson,23.25861268
../../DistanceBenchmarking/Real/FibroCardRNASeq/snRNA_Heart_counts_matrix.mtx,CPU,pearson,0.201803324
../../DistanceBenchmarking/Real/FibroCardRNASeq/snRNA_Heart_counts_matrix.mtx,CPU,pearson,23.25861268
../../DistanceBenchmarking/Real/FibroCardRNASeq/snRNA_Heart_counts_matrix.mtx,GPU,pearson,0.111736929
../../DistanceBenchmarking/Real/FibroCardRNASeq/snRNA_Heart_counts_matrix.mtx,GPU,pearson,1
../../DistanceBenchmarking/Real/FibroCardRNASeq/snRNA_Heart_counts_matrix.mtx,GPU,pearson,59.15553636
../../DistanceBenchmarking/Real/HSC/matrix.mtx,amap,euclidean,0.001583176
../../DistanceBenchmarking/Real/HSC/matrix.mtx,amap,euclidean,0.059793187
../../DistanceBenchmarking/Real/HSC/matrix.mtx,amap,euclidean,11.03615761
../../DistanceBenchmarking/Real/HSC/matrix.mtx,factoextra,euclidean,0.060807812
../../DistanceBenchmarking/Real/HSC/matrix.mtx,factoextra,euclidean,0.576815126
../../DistanceBenchmarking/Real/HSC/matrix.mtx,factoextra,euclidean,8.136995711
../../DistanceBenchmarking/Real/HSC/matrix.mtx,CPU,euclidean,0.001008915
../../DistanceBenchmarking/Real/HSC/matrix.mtx,CPU,euclidean,0.08651525
../../DistanceBenchmarking/Real/HSC/matrix.mtx,CPU,euclidean,14.34775473
../../DistanceBenchmarking/Real/HSC/matrix.mtx,CPU,euclidean,0.001008915
../../DistanceBenchmarking/Real/HSC/matrix.mtx,CPU,euclidean,0.08651525
../../DistanceBenchmarking/Real/HSC/matrix.mtx,CPU,euclidean,14.34775473
../../DistanceBenchmarking/Real/HSC/matrix.mtx,GPU,euclidean,0.015363816
../../DistanceBenchmarking/Real/HSC/matrix.mtx,GPU,euclidean,0.024072927
../../DistanceBenchmarking/Real/HSC/matrix.mtx,GPU,euclidean,1
../../DistanceBenchmarking/Real/HSC/matrix.mtx,amap,pearson,0.000944958
../../DistanceBenchmarking/Real/HSC/matrix.mtx,amap,pearson,0.038891222
../../DistanceBenchmarking/Real/HSC/matrix.mtx,amap,pearson,4.505165968
../../DistanceBenchmarking/Real/HSC/matrix.mtx,factoextra,pearson,0.007784638
../../DistanceBenchmarking/Real/HSC/matrix.mtx,factoextra,pearson,0.061819762
../../DistanceBenchmarking/Real/HSC/matrix.mtx,factoextra,pearson,0.620130286
../../DistanceBenchmarking/Real/HSC/matrix.mtx,CPU,pearson,0.000935884
../../DistanceBenchmarking/Real/HSC/matrix.mtx,CPU,pearson,0.104236945
../../DistanceBenchmarking/Real/HSC/matrix.mtx,CPU,pearson,17.28053694
../../DistanceBenchmarking/Real/HSC/matrix.mtx,CPU,pearson,0.000935884
../../DistanceBenchmarking/Real/HSC/matrix.mtx,CPU,pearson,0.104236945
../../DistanceBenchmarking/Real/HSC/matrix.mtx,CPU,pearson,17.28053694
../../DistanceBenchmarking/Real/HSC/matrix.mtx,GPU,pearson,0.006322588
../../DistanceBenchmarking/Real/HSC/matrix.mtx,GPU,pearson,0.016386124
../../DistanceBenchmarking/Real/HSC/matrix.mtx,GPU,pearson,1
../../DistanceBenchmarking/Real/FibroCardRNASeq/snRNA_Heart_counts_matrix.mtx,amap,euclidean,0.007564826
../../DistanceBenchmarking/Real/FibroCardRNASeq/snRNA_Heart_counts_matrix.mtx,amap,euclidean,1.272387595
../../DistanceBenchmarking/Real/FibroCardRNASeq/snRNA_Heart_counts_matrix.mtx,factoextra,euclidean,6.814039893
../../DistanceBenchmarking/Real/FibroCardRNASeq/snRNA_Heart_counts_matrix.mtx,factoextra,euclidean,96.43009219
../../DistanceBenchmarking/Real/FibroCardRNASeq/snRNA_Heart_counts_matrix.mtx,CPU,euclidean,0.007297527
../../DistanceBenchmarking/Real/FibroCardRNASeq/snRNA_Heart_counts_matrix.mtx,CPU,euclidean,0.736523825
../../DistanceBenchmarking/Real/FibroCardRNASeq/snRNA_Heart_counts_matrix.mtx,CPU,euclidean,0.007297527
../../DistanceBenchmarking/Real/FibroCardRNASeq/snRNA_Heart_counts_matrix.mtx,CPU,euclidean,0.736523825
../../DistanceBenchmarking/Real/FibroCardRNASeq/snRNA_Heart_counts_matrix.mtx,GPU,euclidean,0.008889929
../../DistanceBenchmarking/Real/FibroCardRNASeq/snRNA_Heart_counts_matrix.mtx,GPU,euclidean,0.040643906
../../DistanceBenchmarking/Real/FibroCardRNASeq/snRNA_Heart_counts_matrix.mtx,GPU,euclidean,1
../../DistanceBenchmarking/Real/FibroCardRNASeq/snRNA_Heart_counts_matrix.mtx,amap,pearson,0.001563985
../../DistanceBenchmarking/Real/FibroCardRNASeq/snRNA_Heart_counts_matrix.mtx,amap,pearson,0.240049607
../../DistanceBenchmarking/Real/FibroCardRNASeq/snRNA_Heart_counts_matrix.mtx,factoextra,pearson,0.456549816
../../DistanceBenchmarking/Real/FibroCardRNASeq/snRNA_Heart_counts_matrix.mtx,factoextra,pearson,3.802391548
../../DistanceBenchmarking/Real/FibroCardRNASeq/snRNA_Heart_counts_matrix.mtx,factoextra,pearson,34.90341554
../../DistanceBenchmarking/Real/FibroCardRNASeq/snRNA_Heart_counts_matrix.mtx,CPU,pearson,0.003411402
../../DistanceBenchmarking/Real/FibroCardRNASeq/snRNA_Heart_counts_matrix.mtx,CPU,pearson,0.393177277
../../DistanceBenchmarking/Real/FibroCardRNASeq/snRNA_Heart_counts_matrix.mtx,CPU,pearson,0.003411402
../../DistanceBenchmarking/Real/FibroCardRNASeq/snRNA_Heart_counts_matrix.mtx,CPU,pearson,0.393177277
../../DistanceBenchmarking/Real/FibroCardRNASeq/snRNA_Heart_counts_matrix.mtx,GPU,pearson,0.001888867
../../DistanceBenchmarking/Real/FibroCardRNASeq/snRNA_Heart_counts_matrix.mtx,GPU,pearson,0.016904589
../../DistanceBenchmarking/Real/FibroCardRNASeq/snRNA_Heart_counts_matrix.mtx,GPU,pearson,1
../../DistanceBenchmarking/Real/FibroCardATACSeq/counts.mtx,amap,euclidean,9.329611337
../../DistanceBenchmarking/Real/FibroCardATACSeq/counts.mtx,amap,euclidean,1574.054072
../../DistanceBenchmarking/Real/FibroCardATACSeq/counts.mtx,CPU,euclidean,3.738231324
../../DistanceBenchmarking/Real/FibroCardATACSeq/counts.mtx,CPU,euclidean,358.790887
../../DistanceBenchmarking/Real/FibroCardATACSeq/counts.mtx,CPU,euclidean,3.738231324
../../DistanceBenchmarking/Real/FibroCardATACSeq/counts.mtx,CPU,euclidean,358.790887
../../DistanceBenchmarking/Real/FibroCardATACSeq/counts.mtx,GPU,euclidean,1
../../DistanceBenchmarking/Real/FibroCardATACSeq/counts.mtx,GPU,euclidean,10.1345912
../../DistanceBenchmarking/Real/FibroCardATACSeq/counts.mtx,GPU,euclidean,396.389607
../../DistanceBenchmarking/Real/FibroCardATACSeq/counts.mtx,amap,pearson,7.143020654
../../DistanceBenchmarking/Real/FibroCardATACSeq/counts.mtx,amap,pearson,1280.743868
../../DistanceBenchmarking/Real/FibroCardATACSeq/counts.mtx,CPU,pearson,6.637242064
../../DistanceBenchmarking/Real/FibroCardATACSeq/counts.mtx,CPU,pearson,711.8701799
../../DistanceBenchmarking/Real/FibroCardATACSeq/counts.mtx,CPU,pearson,6.637242064
../../DistanceBenchmarking/Real/FibroCardATACSeq/counts.mtx,CPU,pearson,711.8701799
../../DistanceBenchmarking/Real/FibroCardATACSeq/counts.mtx,GPU,pearson,1
../../DistanceBenchmarking/Real/FibroCardATACSeq/counts.mtx,GPU,pearson,29.9485829
../../DistanceBenchmarking/Real/FibroCardATACSeq/counts.mtx,GPU,pearson,2925.686223
../../DistanceBenchmarking/Real/FibroCardATACSeq/counts.mtx,amap,euclidean,0.920571057
../../DistanceBenchmarking/Real/FibroCardATACSeq/counts.mtx,amap,euclidean,155.3150039
../../DistanceBenchmarking/Real/FibroCardATACSeq/counts.mtx,CPU,euclidean,0.36885862
../../DistanceBenchmarking/Real/FibroCardATACSeq/counts.mtx,CPU,euclidean,35.40260084
../../DistanceBenchmarking/Real/FibroCardATACSeq/counts.mtx,CPU,euclidean,0.36885862
../../DistanceBenchmarking/Real/FibroCardATACSeq/counts.mtx,CPU,euclidean,35.40260084
../../DistanceBenchmarking/Real/FibroCardATACSeq/counts.mtx,GPU,euclidean,0.098671962
../../DistanceBenchmarking/Real/FibroCardATACSeq/counts.mtx,GPU,euclidean,1
../../DistanceBenchmarking/Real/FibroCardATACSeq/counts.mtx,GPU,euclidean,39.11254032
../../DistanceBenchmarking/Real/FibroCardATACSeq/counts.mtx,amap,pearson,0.238509471
../../DistanceBenchmarking/Real/FibroCardATACSeq/counts.mtx,amap,pearson,42.76475692
../../DistanceBenchmarking/Real/FibroCardATACSeq/counts.mtx,CPU,pearson,0.221621239
../../DistanceBenchmarking/Real/FibroCardATACSeq/counts.mtx,CPU,pearson,23.76974504
../../DistanceBenchmarking/Real/FibroCardATACSeq/counts.mtx,CPU,pearson,0.221621239
../../DistanceBenchmarking/Real/FibroCardATACSeq/counts.mtx,CPU,pearson,23.76974504
../../DistanceBenchmarking/Real/FibroCardATACSeq/counts.mtx,GPU,pearson,0.033390562
../../DistanceBenchmarking/Real/FibroCardATACSeq/counts.mtx,GPU,pearson,1
../../DistanceBenchmarking/Real/FibroCardATACSeq/counts.mtx,GPU,pearson,97.69030585
../../DistanceBenchmarking/Real/FibroCardATACSeq/counts.mtx,amap,kendall,41.28284524
../../DistanceBenchmarking/Real/FibroCardATACSeq/counts.mtx,GPU,kendall,1
../../DistanceBenchmarking/Real/FibroCardATACSeq/counts.mtx,GPU,kendall,100.0685071
../../DistanceBenchmarking/Real/FibroCardATACSeq/counts.mtx,amap,euclidean,0.023536468
../../DistanceBenchmarking/Real/FibroCardATACSeq/counts.mtx,amap,euclidean,3.970977151
../../DistanceBenchmarking/Real/FibroCardATACSeq/counts.mtx,CPU,euclidean,0.0094307
../../DistanceBenchmarking/Real/FibroCardATACSeq/counts.mtx,CPU,euclidean,0.905147059
../../DistanceBenchmarking/Real/FibroCardATACSeq/counts.mtx,CPU,euclidean,0.0094307
../../DistanceBenchmarking/Real/FibroCardATACSeq/counts.mtx,CPU,euclidean,0.905147059
../../DistanceBenchmarking/Real/FibroCardATACSeq/counts.mtx,GPU,euclidean,0.00252277
../../DistanceBenchmarking/Real/FibroCardATACSeq/counts.mtx,GPU,euclidean,0.025567248
../../DistanceBenchmarking/Real/FibroCardATACSeq/counts.mtx,GPU,euclidean,1
../../DistanceBenchmarking/Real/FibroCardATACSeq/counts.mtx,amap,pearson,0.002441486
../../DistanceBenchmarking/Real/FibroCardATACSeq/counts.mtx,amap,pearson,0.437758451
../../DistanceBenchmarking/Real/FibroCardATACSeq/counts.mtx,CPU,pearson,0.00226861
../../DistanceBenchmarking/Real/FibroCardATACSeq/counts.mtx,CPU,pearson,0.243317337
../../DistanceBenchmarking/Real/FibroCardATACSeq/counts.mtx,CPU,pearson,0.00226861
../../DistanceBenchmarking/Real/FibroCardATACSeq/counts.mtx,CPU,pearson,0.243317337
../../DistanceBenchmarking/Real/FibroCardATACSeq/counts.mtx,GPU,pearson,0.0003418
../../DistanceBenchmarking/Real/FibroCardATACSeq/counts.mtx,GPU,pearson,0.01023643
../../DistanceBenchmarking/Real/FibroCardATACSeq/counts.mtx,GPU,pearson,1
../../DistanceBenchmarking/Real/FibroCardATACSeq/counts.mtx,amap,kendall,0.412545829
../../DistanceBenchmarking/Real/FibroCardATACSeq/counts.mtx,GPU,kendall,0.009993154
../../DistanceBenchmarking/Real/FibroCardATACSeq/counts.mtx,GPU,kendall,1
../../DistanceBenchmarking/Real/HLCA/lung.csv,amap,euclidean,0.916948649
../../DistanceBenchmarking/Real/HLCA/lung.csv,GPU,euclidean,1
DistanceBenchmarking/Real/HLCA/lung.csv,pandas,euclidean,135.3292024
../../DistanceBenchmarking/Real/HLCA/lung.csv,amap,kendall,0.541621264
../../DistanceBenchmarking/Real/HLCA/lung.csv,GPU,kendall,1
../../DistanceBenchmarking/Real/HLCA/Marrow.csv,amap,kendall,1.040668622
../../DistanceBenchmarking/Real/HLCA/Marrow.csv,GPU,kendall,1
../../DistanceBenchmarking/Real/HLCA/aorta.csv,amap,kendall,0.460481765
../../DistanceBenchmarking/Real/HLCA/aorta.csv,GPU,kendall,1
../../DistanceBenchmarking/Real/HLCA/Marrow.csv,amap,euclidean,0.61343339
../../DistanceBenchmarking/Real/HLCA/Marrow.csv,GPU,euclidean,1
DistanceBenchmarking/Real/HLCA/Marrow.csv,pandas,euclidean,128.5690404
../../DistanceBenchmarking/Real/PBMC/B_T_count_matrix.csv,amap,kendall,0.521214459
../../DistanceBenchmarking/Real/PBMC/B_T_count_matrix.csv,GPU,kendall,1
DistanceBenchmarking/Real/PBMC/B_T_count_matrix.csv,pythonic,kendall,4.13E+01
../../DistanceBenchmarking/Real/PBMC/B_T_count_matrix.csv,amap,euclidean,0.55551388
../../DistanceBenchmarking/Real/PBMC/B_T_count_matrix.csv,GPU,euclidean,1
DistanceBenchmarking/Real/PBMC/B_T_count_matrix.csv,pythonic,euclidean,4.16E+01
DistanceBenchmarking/Real/PBMC/B_T_count_matrix.csv,pandas,euclidean,7.83E+01
../../DistanceBenchmarking/Real/PBMC/B_CD8_T_count_matrix.csv,amap,kendall,0.680084492
../../DistanceBenchmarking/Real/PBMC/B_CD8_T_count_matrix.csv,GPU,kendall,1
DistanceBenchmarking/Real/PBMC/B_CD8_T_count_matrix.csv,pythonic,kendall,4.70E+01
../../DistanceBenchmarking/Real/PBMC/B_CD8_T_count_matrix.csv,amap,euclidean,0.615027676
../../DistanceBenchmarking/Real/PBMC/B_CD8_T_count_matrix.csv,GPU,euclidean,1
DistanceBenchmarking/Real/PBMC/B_CD8_T_count_matrix.csv,pythonic,euclidean,3.77E+01
DistanceBenchmarking/Real/PBMC/B_CD8_T_count_matrix.csv,pandas,euclidean,6.62E+01
DistanceBenchmarking/Real/PBMC1/B_CD8_T_count_matrix.csv,pythonic,pearson,4.27E+01
DistanceBenchmarking/Real/PBMC1/B_CD8_T_count_matrix.csv,pandas,pearson,7.12E+01
DistanceBenchmarking/Real/PBMC1/B_CD8_T_count_matrix.csv,pythonic,pearson,4.87E+01
DistanceBenchmarking/Real/PBMC1/B_CD8_T_count_matrix.csv,pandas,pearson,8.12E+01
